organism,evalue,sequence,title
Homo sapiens,2.82416e-163,GDELLNICMNAKHHKRVPSPEDKLYEECIPWKDNACCTLTTSWEAHLDVSPLYNFSLFHCGLLMPGCRKHFIQAICFYECSPNLGPWIQPVGSLGWEVAPSGQGERVVNVPLCQEDCEEWWEDCRMSYTCKSNWRGGWDWSQGKNRCPKGAQCLPFSHYFPTPADLCEKTWSNSFKASPERRNSGRCLQKWFEPAQGNPNVAVARLFASGRLVPR,"Chain B, Sperm-egg fusion protein Juno [Homo sapiens] >pdb|5F4Q|A Chain A, Sperm-egg fusion protein Juno [Homo sapiens] >pdb|5F4Q|B Chain B, Sperm-egg fusion protein Juno [Homo sapiens] >pdb|5F4Q|C Chain C, Sperm-egg fusion protein Juno [Homo sapiens] >pdb|5F4Q|D Chain D, Sperm-egg fusion protein Juno [Homo sapiens]"
Pan troglodytes,1.25897e-157,GDELLNICMNAKHHKRVPSPEDKLYEECIPWKDNACCTLTTSWEAHLDVSPLYNFSLFHCGLLMPGCRKHFIQAICFYECSPNLGPWIQPVGSLGWEVAPSGQGERVVNVPLCQEDCEEWWEDCRMSYTCKSNWRGGWDWSQGKNRCPKGAQCLPFSHYFPTPADLCEKTWSNSFKASPERRNSGRCLQKWFEPAQGNPNVAVARLFASS,sperm-egg fusion protein Juno [Pan troglodytes] >gb|PNI41173.1| IZUMO1R isoform 2 [Pan troglodytes]
Pongo abelii,3.84133e-157,GDELLNICMNAKHHKRVPSPEDKLYEECIPWKDNACCTLTTSWEAHLDVSPLYNFSLFHCGLLMPGCRKHFIQAICFYECSPNLGPWIQPVGSLGWEVAPSGQGERIVNAPLCQEDCEEWWEDCRMSYTCKSNWRGGWDWSQGKNRCPKGAQCLPFSHYFPTPADLCEKTWSNSFKASPERRNSGRCLQKWFEPAQGNPNVAVARLFASS,sperm-egg fusion protein Juno [Pongo abelii]
Gorilla gorilla gorilla,5.20143e-157,GDELLNICMNAKHHKRVPSPEDKLYEECIPWKDNACCTLTTSWEAHLDVSPLYNFSLFHCGLLMPGCRKHFIQAICFYECSPNLGPWIQPVGSLGWEVAPSGQGERVVNVPLCQEDCEEWWEDCRMSYTCKSNWRGGWDWSQGKNRCPKGAQCLPFSHYFPTPADLCEKTWSNSFKASPERRNSGRCLQKWFEPAQGNPNVAVARLFAS,sperm-egg fusion protein Juno [Gorilla gorilla gorilla]
Pan paniscus,6.04398e-157,GDELLNICMNAKHHKRVPSPEDKLYEECIPWKDNACCTLTTSWEAHLDVSPLYNFSLFHCGLLMPGCRKHFIQAICFYECSPNLGPWIQPVGSLGWEVAPSGQGERVVNVPLCQEDCEEWWEDCRMSYTCKSNWRGGWDWSQGKNRCPKGAQCLPFSHYFPTPADLCEKTWSNSFKASPERRNSGRCLQKWFEPAQGNPNVAVARLFAS,sperm-egg fusion protein Juno [Pan paniscus]
Pongo pygmaeus,1.72866e-156,GDELLNICMNAKHHKRVPSPEDKLYEECIPWKDNACCTLTTSWEAHLDVSPLYNFSLFHCGLLMPGCRKHFIQAICFYECSPNLGPWIQPVGSLGWEVAPSGQGERIVNAPLCQEDCEEWWEDCRMSYTCKSNWRGGWDWSQGKNRCPKGAQCLPFSHYFPTPADLCEKTWSNSFKASPERRNSGRCLQKWFEPAQGNPNVAVARLFAS,sperm-egg fusion protein Juno [Pongo pygmaeus]
Hylobates moloch,1.83005e-156,GDELLNICMNAKHHKRAPSPEDKLYEECIPWKDNACCTLTTSWEAHLDVSPLYNFSLFHCGLLMPGCRKHFIQAICFYECSPNLGPWIQPVGSLGWEVAPSGQGERVVNAPLCQEDCEEWWEDCRMSYTCKSNWRGGWDWSQGKNRCPKGAQCLPFSHYFPTPADLCEKTWSNSFKASPERRNSGRCLQKWFEPAQGNPNVAVARLFASS,sperm-egg fusion protein Juno [Hylobates moloch]
Nomascus leucogenys,2.11217e-156,GDELLNICMNAKHHKRAPSPEDKLYEECIPWKDNACCTLTTSWEAHLDVSPLYNFSLFHCGLLMPGCRKHFIQAICFYECSPNLGPWIQPVGSLGWEVAPSGQGERVVNAPLCQEDCEEWWEDCRMSYTCKSNWRGGWDWSQGKNRCPKGAQCLPFSHYFPTPADLCEKTWSNSFKASPERRNSGRCLQKWFEPAQGNPNVAVARLFASS,sperm-egg fusion protein Juno [Nomascus leucogenys]
Symphalangus syndactylus,1.40131e-155,GDELLNICMNAKHHKRAPSPEDKLYEECIPWKDNACCTLTTSWEAHLDVSPLYNFSLFHCGLLMPGCRKHFIQAICFYECSPNLGPWIQPVGSLGWEVAPSGQGERVVNAPLCQEDCEEWWEDCRMSYTCKSNWHGGWDWSQGKNRCPKGAQCLPFSHYFPTPADLCEKTWSNSFKASPERRNSGRCLQKWFEPAQGNPNVAVARLFASS,sperm-egg fusion protein Juno [Symphalangus syndactylus]
Rhinopithecus roxellana,2.90675e-154,GDELLNICMNAKHHKRVPGPEDKLYEECIPWKDNACCTLTTSWEAHLDVSPLYNFSLFHCGLLMPGCRKHFIQAICFYECSPNLGPWIRPVGSLGWEEAPSGQGERVVNAPLCQEDCEEWWEDCRMSYTCKSNWRGGWDWSQGKNRCPKGAQCLPFSHYFPTPADLCEKTWSNSFKASPERRNSGRCLQKWFEPAQGNPNVAVARLFAS,sperm-egg fusion protein Juno [Rhinopithecus roxellana]
Rhinopithecus bieti,3.64206e-154,GDELLNICMNAKHHKRVPGPEDKLYEECIPWKDNACCTLTTSWEAHLDVSPLYNFSLFHCGLLMPGCRKHFIQAICFYECSPNLGPWIRPVGSLGWEEAPSGQGERVVNAPLCQEDCEEWWEDCRMSYTCKSNWRGGWDWSQGKNRCPKGAQCLPFSHYFPTPADLCEKTWSNSFKASPERRNSGRCLQKWFEPAQGNPNVAVARLFAS,PREDICTED: sperm-egg fusion protein Juno [Rhinopithecus bieti]
Theropithecus gelada,5.17244e-154,GDELLNICMNAKHHKRVPSPEDKLYEECIPWKDNACCTLTTSWEAHLDVSPLYNFSLFHCGLLMPGCRKHFIQAICFYECSPNLGPWIRPVGSLGWEEAPSGQGERVVNAPLCQEDCEEWWEDCRLSYTCKSNWRGGWDWSQGKNRCPKGAQCLPFSYYFPTPADLCEKTWSNSFKASPERRNSGRCLQKWFEPAQGNPNVAVARLFASS,sperm-egg fusion protein Juno [Theropithecus gelada]
Papio anubis,6.8139e-154,GDELLNICMNAKHHKRVPGPEDKLYEECIPWKDNACCTLTTSWEAHLDVSPLYNFSLFHCGLLMPGCRKHFIQAICFYECSPNLGPWIRPVGSLGWEEAPSGQGERVVNAPLCQEDCEEWWEDCRLSYTCKSNWRGGWDWSQGKNRCPKGAQCLPFSHYFPTPADLCEKTWSNSFKASPERRNSGRCLQKWFEPAQGNPNVAVARLFAS,sperm-egg fusion protein Juno [Papio anubis]
Piliocolobus tephrosceles,1.04261e-153,GDELLNICMNAKHHKRVPGPEDKLYEECIPWKDNACCTLTTSWEAHLDVSPLYNFSLFHCGLLMPGCRKHFIQAICFYECSPNLGPWIRPVGSLGWEEAPSGQGERVVNAPLCQEDCEEWWEDCRMSYTCKSNWRGGWDWSQGKNRCPKGAQCLPFSHYFPTPADLCEKTWSNSFKASPERRNSGRCLQKWFEPAQGNPNVAVAHLFAS,sperm-egg fusion protein Juno [Piliocolobus tephrosceles]
Chlorocebus sabaeus,1.7413e-153,GDELLNICMNAKHHKRVPGPEDKLYEECIPWKDNACCTLTTSWEAHLDVSPLYNFSLFHCGLLMPGCRKHFIQAICFYECSPNLGPWIQPVGSLGWEEAPSGQGERVVNAPLCQEDCEEWWEDCHLSYTCKSNWRGGWDWSQGKNRCPKGAQCLPFSHYFPTPADLCEKTWSNSFKASPERRNSGRCLQKWFEPAQGNPNVAVARLFAS,sperm-egg fusion protein Juno [Chlorocebus sabaeus]
Mandrillus leucophaeus,3.38679e-153,GDELLNICMNAKHHKRVPGPEDKLYEECIPWKDNACCTLTTSWEAHLDVSPLYNFSLFHCGLLMPGCRKHFIQAICFYECSPNLGPWIRPVGSLGWEEAPSGQGERVVNAPLCQEDCEEWWEDCRLSYTCKSNWRGGWDWSQGKNRCPKGAQCLPFSHYFPTPADLCEKTWSNSFKASPERRNSGRCLQKWFEPAQGNPNVAVARLFAN,PREDICTED: sperm-egg fusion protein Juno [Mandrillus leucophaeus]
Trachypithecus francoisi,3.83311e-153,GDELLNICMNAKHHKRVPGPEDKLYEECIPWKDNACCTLTTSWEAHLDVSPLYNFSLFHCGLLMPGCRKHFIQAICFYECSPNLGPWIRPVGSLGWEEAPSGQGERVVNAPLCQEDCEEWWEDCHMSYTCKSNWRGGWDWSQGKNRCPKGAQCLPFSHYFPTPADLCEKTWSNSFKASPERRNSGRCLQKWFEPAQGNPNVAVARLFAS,sperm-egg fusion protein Juno [Trachypithecus francoisi]
Macaca thibetana thibetana,9.42988e-153,GDELLNICMNAKHHKRVPGPEDKLYEECIPWKDNACCTLTTSWEAHLDVSPLYNFSLFHCGLLMPGCRKHFIQAICFYECSPNLGPWIRPVGSLGWEEAPSGQGERVVNAPLCQEDCEEWWEDCRLSYTCKSNWRGGWDWSQGKNRCPKGAQCLPFSHYFPTPADLCEKTWSNSFKASPERRNSGQCLQKWFEPAQGNPNVAVARLFAS,sperm-egg fusion protein Juno [Macaca thibetana thibetana]
Macaca nemestrina,3.1708e-152,GDELLNICMNAKHHKRVPGPEDKLYEECIPWKDNACCTLTTSWEAHLDVSPLYNFSLFHCGLLMPGCRKHFIQAICFYECSPNLGPWIRPVGSLGWEEAPSGQGERVMNAPLCQEDCEEWWEDCRLSYTCKSNWRGGWDWSQGKNRCPKGAQCLPFSHYFPTPADLCEKTWSNSFKASPERRNSGQCLQKWFEPAQGNPNVAVARLFAS,sperm-egg fusion protein Juno isoform X1 [Macaca nemestrina]
Macaca fascicularis,3.25114e-152,GDELLNICMNAKHHKRVPGPEDKLYEECIPWKDNACCTLTTSWEAHLDVSPLYNFSLIHCGLLMPGCRKHFIQAICFYECSPNLGPWIRPVGSLGWEEAPSGQGERVVNAPLCQEDCEEWWEDCRLSYTCKSNWRGGWDWSQGKNRCPKGAQCLPFSHYFPTPADLCEKTWSNSFKASPERRNSGQCLQKWFEPAQGNPNVAVARLFAS,PREDICTED: sperm-egg fusion protein Juno [Macaca fascicularis]
Colobus angolensis palliatus,5.00442e-152,GDELLNICMNAKHHKRVPGPEDKLYEECIPWKDNACCTLTTSWEAHLDVSPLYNFSLFHCGLLMPGCRKHFIQAICFYECSPNLGPWIRPGGSLGWEEAPSGQGERVVNAPLCQEDCEEWWEDCRMSYTCKSNWRGGWDWNQGKNRCPKGAQCLPFSHYFPTPADLCEKTWSNSFKASPERRNSGQCLQKWFEPAQGNPNVAVARLFAS,PREDICTED: sperm-egg fusion protein Juno [Colobus angolensis palliatus]
Saguinus oedipus,1.94249e-148,GDELLNICMDAKHHKGKPGPEDKLYDECIPWKDNACCTFRTSWEAHLDVSPLYNFSLFHCGLLMPGCRKHFIQAICFYECSPNLGPWIQPVGSLGWEAAPSGQGERVVNAPLCQEDCEEWWEDCRTSYTCKSNWRGGWDWSQGKNRCPKGAQCLPFSHYFPTPADLCEKTWSNSFRASPERRNSGQCLQKWFEPAQGNPNVAVARLFAS,Sperm-egg fusion protein Juno [Saguinus oedipus]
Saimiri boliviensis boliviensis,1.91945e-147,GDELLNICMDGKHHKGKPSPEDKLYDECIPWKDNACCTFRTSWEAHLDVSPLYNFSLFHCGLLMPGCRKHFIQAICFYECSPNLGPWIQPVGSLGWEVAPSGQRERVVNAPLCQEDCEEWWEDCRTSYTCKSNWHGGWDWSQGKNRCPKGAQCLSFSHYFPTPADLCEKTWSNSFKASPERRNSGRCLQKWFEPAQGNPNVAVARLFAS,sperm-egg fusion protein Juno isoform X1 [Saimiri boliviensis boliviensis]
Sapajus apella,6.22445e-147,GDELLNICMDTKHHKGKPGPEDKLYDECIPWKDNACCTFRTSWEAHLDVSPLYNFSLFHCGLLMPGCRKHFIQAICFYECSPNLGPWIRPVGSLGWEAAPSGQGERVVNAPLCQEDCREWWEDCRTSYTCKSNWRGGWDWSQGKNRCPKGAQCLPFSHYFPTPADLCEKTWSNSFKASPERRNSGRCLQKWFEPAQGNPNVAVAHLFAS,sperm-egg fusion protein Juno [Sapajus apella]
Cebus imitator,3.01226e-146,GDELLNTCMDAKHHKGRPGPEDKLYDECIPWKDNACCTFRTSWEAHLDVSPLYNFSLFHCGLLMPGCRKHFIQAICFYECSPNLGPWIRPVGSLGWEAAPSGQGERVVNAPLCQEDCGEWWEDCRTSYTCKSNWRGGWDWSQGKNRCPKGAQCLPFSHYFPTPADLCEKTWSNSFKASPERRNSGRCLQKWFEPAQGNPNVAVAHLFAS,sperm-egg fusion protein Juno [Cebus imitator] >ref|XP_037583764.1| sperm-egg fusion protein Juno [Cebus imitator]
Callithrix jacchus,2.62421e-145,GDELLNICMDDKHHKGKPGPEDKLYDECIPWKDNACCTFGTSWKAHLDVSPLYNFSLFHCGLLMPGCRKHFIQAICFYECSPNLGPWIQPVGSLEWEAAPSGQGERVVNAPLCQEDCEEWWEDCRTSYTCKSNWHGSWDWSQGKNRCPKGAQCLPFSHYFPTPADLCEKTWSNSFKASPERRNSGRCLQKWFEPAQGNPNVAVARLFAS,sperm-egg fusion protein Juno [Callithrix jacchus] >ref|XP_035120208.1| sperm-egg fusion protein Juno [Callithrix jacchus]
Aotus nancymaae,3.76432e-142,GDEPLNICMDAKHHKGKPGPEYKLYDECLPWKDNACCTFKTSWEAHLDVSPLYNFNLFHCGLLMPGCRKHFIQAICFYECSPNLGPWIRPVGSLGWEAAPSGQGERVVNAPLCQEDCKEWWEDCRTSYTCKSNWRGGWDWSQGKNRCPKGAQCLPFSHYFPTPADLCENTWNNSFKASPEQRNSGRCLQKWFEPAQGNPNVAVARLFAS,sperm-egg fusion protein Juno isoform X5 [Aotus nancymaae]
Propithecus coquereli,1.88191e-136,GDELLNICMNAKHHKRKPSPEDKLYEECIPWKGNACCTAETSWEAHLDVSPLYNFSRIHCGLLMPGCQKHFIQATCFYECSPNLGPWIQPVTSLGQEAAWSGQGERVVDVPLCREDCEEWWEDCRWSYTCKSNWQGGWDWSQGKNRCPAKARCLPFPHYFPTPADLCEKVWSNSFKASPERRHSGRCLQKWFQPAQGNPNVAVARLFAN,PREDICTED: sperm-egg fusion protein Juno [Propithecus coquereli]
Lemur catta,4.02298e-133,GDELLNVCMNAKHHKREPSPEDKLYDECIPWKDNACCTAETSWEAHLDVSSLYNFSRIHCGLLMPGCQKHFIQATCFYECSPNLGPWIRPVTRLGQEVARSGQGQRVVDVPLCREDCEEWWEDCRWSYTCKSNWHSGWDWSRGKNRCPAKARCLPFPHYFPTPADLCEKIWSNSFKASPERQRSGRCLQKWFEPAQGNPNVAVARLFAN,sperm-egg fusion protein Juno [Lemur catta]
Diceros bicornis minor,2.42061e-128,GDELLNVCMNTKHHKREPGPEDKLHEECIPWKDNACCTANTSWKAHLNVSLLYNFSLVHCGLMMPGCQKHFLQAVCFYECSPNLGPWIQQVGRLGWEVDPSRQGERILDAPLCREDCEQWWEDCRTSYTCKSNWHHGWDWSGGKNRCPARAHCHPFPHYFPTPADLCEKIWSNSFKASPERRNSGQCLQKWFEPAHGNPNEAVARLFAS,sperm-egg fusion protein Juno [Diceros bicornis minor]
Prionailurus viverrinus,6.59048e-127,GDELLNVCMNTKHHKREPGPEDQLYDECTPWKDNACCTASTSWEAHLDVSLLYNFSLIHCGLMMPGCEKHFIQAICFYECSPNLGPWIRKVRRLGWEMDLAGPGERILDVPLCQEDCEQWWEDCRTSYTCKSNWHGDWDWSRGKNRCPSRAVCHPFPHYFPTPADLCEKIWSNSFKASPEGRNSGRCLQKWFEPTQDNPNVAVARLFAS,sperm-egg fusion protein Juno [Prionailurus viverrinus]
Puma concolor,6.84163e-127,GDELLNVCMNTKHHKREPGPEDQLYDECTPWKDNACCTASTSWEAHLDVSLLYNFSLIHCGLMMPGCEKHFIQAICFYECSPNLGPWIRKVRRLGWEMDLAGPGERILDVPLCQEDCEQWWEDCRTSYTCKSNWHGDWDWSRGKNRCPARAVCHPFPHYFPTPADLCEKIWSNSFKASPEGRNSGRCLQKWFEPTQDNPNVAVARLFAS,sperm-egg fusion protein Juno [Puma concolor] >ref|XP_046926010.1| sperm-egg fusion protein Juno [Lynx rufus] >ref|XP_053059801.1| sperm-egg fusion protein Juno [Acinonyx jubatus]
Panthera pardus,2.50146e-126,GDELLDVCMNTKHHKREPGPEDQLYDECTPWKDNACCTASTSWEAHLDVSLLYNFSLIHCGLMMPGCEKHFIQAICFYECSPNLGPWIRKVRRLGWEMDLAGPGERILDVPLCQEDCEQWWEDCRTSYTCKSNWHGDWDWSRGKNRCPARAVCHPFPHYFPTPADLCEKIWSNSFKASPEGRNSGRCLQKWFEPTQDNPNVAVARLFAS,sperm-egg fusion protein Juno [Panthera pardus]
Leopardus geoffroyi,2.69572e-126,GDELLNVCMNTKHHKREPGPEDQLYDECTPWKDNACCTASTSWEAHLDVSLLYNFSLIHCGLMMPGCEKHFIQAICFYECSPNLGPWIRKVRRLGWERDLAGPGERILDVPLCQEDCEQWWEDCRTSYTCKSNWHGDWDWSRGKNRCPARAVCHPFPHYFPTPADLCEKIWSNSFKASPEGRNSGRCLQKWFEPTQDNPNVAVARLFAS,sperm-egg fusion protein Juno [Leopardus geoffroyi]
Prionailurus bengalensis,3.33197e-126,GDELLNVCMNTKHHKREPGPEDQLYDECTPWKDNACCTASTSWEAHLDVSLLYNFSLIHCGLMMPGCEKHFIQAICFYECSPNLGPWIRKVRRLGWEMDLAGPAERILDVPLCQEDCEQWWEDCRTSYTCKSNWHGDWDWSRGKNRCPARAVCHPFPHYFPTPADLCEKIWSNSFKASPEGRNSGRCLQKWFEPTQDNPNVAVARLFAS,sperm-egg fusion protein Juno [Prionailurus bengalensis]
Lynx canadensis,4.60728e-126,GDELLNVCMNTKHHKREPGPEDQLYDECTPWKDNACCTASTSWEAHLDVSLLYNFSLIHCGLMMPGCEKHFIQAICFYECSPNLGPWIRKVRRLGWEMDLAGPGERILDVPLCQEDCEQWWEDCRTSYTCKSNWHGDWDWSRGKNRCPARAVCHPFPHYFPTPADLCEKIWSNSFKASPEGRNSGRCLQKWFEPTQDNPNVAVAHLFAS,sperm-egg fusion protein Juno [Lynx canadensis]
Desmodus rotundus,5.21885e-126,DKLLNVCMKAKHHKQEPSPEDQLYEECIPWKDNACCTAKTSWEAHLDVSLLYNFSLVHCGLMMPDCQKHFIQAICFYECSPNLGPWIQKVGRLSWEVAPRGQGERVLAAPLCREDCEQWWADCRTSYTCRSNWHSGWDWSRGKSRCPARAPCRPFPHYFPTPADLCEKIWSNSFKASPEHRNSGRCLQKWFEPSQGNPNVAVAHLFTS,sperm-egg fusion protein Juno [Desmodus rotundus]
Ceratotherium simum simum,6.61334e-126,GDELLNVCMNTTHHKREPGPEDKLHEECIPWKENACCTANTSWKAHLNVSLLYNFSLVHCGLMMPGCQKHFLQAVCFYECSPNLGPWIQQVGRLGWEVDLSRQGERILDAPLCREDCEQWWEDCRTSYTCKSNWLHGWDWSGGKNRCPARAHCHPFPHYFPTPADLCEKIWSNSFKASPERRNSGRCLQKWFEPAHGNPNEAVARLFAS,PREDICTED: sperm-egg fusion protein Juno [Ceratotherium simum simum]
Puma yagouaroundi,2.13404e-125,GDELLNVCMNTKHHKREPGPEDQLYDECTPWKDNACCTASTSWEAHLDVSLLYNFSLIHCGLMMPGCEKHFIQAICFYECSPNLGPWIRKVRRLGWEMDLAGPGERILDVPLCQEDCEQWWEDCRTSYTCKSNWHGDWDWSRGKNRCPARAVCHPFPYYFPTPADLCEKIWSNSFKASPEGRNSGRCLQKWFAPTQDNPNVAVARLFAS,sperm-egg fusion protein Juno [Puma yagouaroundi]
Phyllostomus hastatus,3.55712e-125,GDRLLNICMKAKHHKQEPSPEDQLYEECIPWKDNACCTANTSWEAHLDVSLLYNFSLVHCGLMMPDCQKHFIQAVCFYECSPNLGPWVQQVGRLGWEVAPRGQEERVLGAPLCREDCEQWWADCHTSYTCRSNWHSGWDWSRGKSRCPARAPCRPFPDYFPTPADLCEKIWSNSFKASPEHRNSGRCLQKWFEPSQGNPNVAVARLFAS,sperm-egg fusion protein Juno isoform X1 [Phyllostomus hastatus]
Rhinolophus sinicus,7.72025e-124,GDELLNVCMKAKHHKPEPSPEDQLYEECVPWKDNACCTSNTSWEAHLDVSLLYSFSLLHCGLMMPDCQRHFIQAVCFYECSPNLGPWIQQVVRLSWEVGLSGQGERILDAPLCREDCEQWWADCHTSYTCQSNWHGSWDWSRGKSRCPARAPCHPFPHYFPTPADLCEKIWSNSFKASPERRDSGRCLQKWFEPAQGNPNVAVARLFA,PREDICTED: sperm-egg fusion protein Juno isoform X1 [Rhinolophus sinicus]
Rhinolophus ferrumequinum,3.57296e-123,GDELLSVCMRAKHHKREPSPEDQLYEECMPWKDNACCTFNTSWEAHLDVSLLYSFSLLHCGLMMPDCQKHFIQAVCFYECSPNLGPWIQQVVRLSWEVGLRGQEERILDAPLCREDCEQWWADCHTSYTCQSNWHGSWDWSRGKSRCPARAPCHPFPHYFPTPADLCEKIWSNSFKASPERRDSGRCLQKWFEPAQGNPNVAVARLFA,"IZUMO1 receptor, JUNO [Rhinolophus ferrumequinum]"
Phyllostomus discolor,1.20526e-122,GDRLLNVCMKSKHHKQEPSPEDQLYEECIPWKDNACCTANTSWEAHLDVSLLYNFSLVHCGLMMPDCQKHFIQAVCFYECSPNLGPWIQQVGRLGW-VAPRGQGERVLGAPLCREDCEQWWEDCHTSYTCRSNWHSGWDWSRGKSRCPARAPCRPFPDYFPTPADLCEKIWSNSFKASPEHRNSGLCLQKWFEPSQGNPNVAVARLFAS,"IZUMO1 receptor, JUNO [Phyllostomus discolor]"
Equus przewalskii,5.71676e-122,GDKLLNVCMNTQHHKREPGPEDKLHKECIPWKDSACCTANTSWKAHLNVSLLYNFSLVHCGLMMPGCQRHFIQAVCFYECSPNLGPWIQQVGRWGQE-GRSGQGERILDAPLCREDCEQWWEDCRTSYTCKSNWHGGWDWSGGKNRCPARARCHPFPHYFPTPADLCERIWSNSFKASPEHRNSGRCLQKWFEPAQGNPNEAVARLFAS,PREDICTED: sperm-egg fusion protein Juno [Equus przewalskii] >ref|XP_014597350.1| sperm-egg fusion protein Juno [Equus caballus]
Pteronotus mesoamericanus,1.26839e-121,GDKLFNVCMKAKHHKQNPSPEDQLYEECLPWKDNACCTANTSWEAHLDVSLLYDFSLVHCGLMMPDCQKHFIQAICFYECSPNLGPWIQQVGSLG-RVAPGQQRERILNAPLCREDCEQWWADCHTSYTCRSNWHSGWDWSQGKSHCPARAPCRPFPHYFPTPADLCEKIWSNSFKASPEHRNSGRCLQKWFEPSQGNPNVAVARLFAS,sperm-egg fusion protein Juno [Pteronotus mesoamericanus]
Hyaena hyaena,2.28724e-121,GEKLLDVCMNTQHHKRKPGPEDKLYDECIPWKDNACCTARTSWEAHLDVSLLYNFSLVHCGLMMPGCEKHFIQAVCFYECSPNLGPWIRKVRRLGWGMDLSGPGERILDVPLCQEDCEQWWEDCRTSYTCKSNWHSDWNWSRGKNRCPARAVCHPFPHYFPTPADLCEKIWNNSFKASPEHRDSGLCLQKWFEPAQDNPNVAVARLFAS,sperm-egg fusion protein Juno [Hyaena hyaena]
Sus scrofa,2.8976e-121,GPELLNICMNAKPHKPEPSPEDKLYEECIPWKHNACCTADTSWEAHLDVALLYNFSLVHCGLMMPGCQKHFLQAICFYECSPNLGPWIQQVRGAGWETDPHGQAERILDAPLCQEDCEEWWADCRTSYTCKSNWLGGWTWSRGKHRCPARALCHPFPHYFPTPADLCEKIWSHSFKASPERRDSGRCLQKWFEPTRINPNAAVARLFAS,sperm-egg fusion protein Juno [Sus scrofa]
Crocuta crocuta,1.87476e-120,GEKLLDVCMNTKHHKRKPGPEDKLYDECIPWKDHACCTARTSWEAHLDVSLLYNFSLVHCGLMMPGCEKHFIQAVCFYECSPNLGPWIRKVRRLGWGMDLSGPGERILDVPLCQEDCEQWWEDCRTSYTCKSNWHSDWNWSRGKNRCPARAVCHPFPHYFPTPADLCEKIWNNSFKASPEHRGSGLCLQKWFEPAQDNPNVAVARLFAS,"JUNO protein, partial [Crocuta crocuta]"
Phacochoerus africanus,2.06205e-120,GPELLNICMNTKPHKPEPSPEDKLYEECIPWKHNACCTADTSWEAHLDVALLYNFSLVHCGLMMPGCQKHFLQAICFYECSPNLGPWIQQVRGAGWEMDRHGQAERILDVPLCQEDCEEWWADCRTSYTCKSNWLGGWTWSRGKHRCPARALCHPFPHYFPTPADLCEKIWSHSFKASPERRDSGRCLQKWFEPTRINPNTAVARLFAS,sperm-egg fusion protein Juno [Phacochoerus africanus]
Rousettus aegyptiacus,8.91853e-120,GDELLNICMKAKPHKQEPSPEDQLYEECIPWRDNACCTSNTSWEAHLDVSLLYNFSLVHCGLMMPDCQKHFIQAVCFYECSPNLGPWIRQVGRTSWGCVDPSGQRERILNAPLCQEDCEQWWADCRTSYTCKSNWHGSWDWSRGKSRCPARAPCRPFPYYFPTPADLCEKIWSNSFKASPAHRNSGQCLQKWFEPAQGNPNVAVAHLFAS,"IZUMO1 receptor, JUNO [Rousettus aegyptiacus]"
Eubalaena glacialis,1.19193e-119,GRELLNICMNAKPHKPEPSPEAKLYEECIPWKDSACCTANTSWEAHLDVSLLYNFSLVHCGLMMPDCQKHFLQAICFYECSPNLGPWIQRVGRSGLGWELDPSGQAERILDAPLCREDCEQWWADCRTSYTCKSNWHGGWTWSRGKPRCPARALCHPFLHYFPTPADLCEKIWSNSFKASPEHRTSGRCLQKWFKPAGGNPNVAVARLFAS,sperm-egg fusion protein Juno [Eubalaena glacialis]
Camelus dromedarius,2.14193e-119,GHARLNVCVNAKPHKREPSPEDKLYEECRPWKDNACCTATTSWEAHLDVSLLYNFSLVHCGLLMPDCEKHFLQAICFYECSPNLGPWIQQVQRSG-QVDPRGQGERILDVPLCWEDCEQWWADCRTSYTCKSNWHGSWTWSRGKHRCPEKAPCHPFLHYFPTPADLCEKIWSNSFKASPERRNSGRCLQKWFEPARGNPNAAVARLFAS,Sperm-egg fusion protein Juno [Camelus dromedarius]
Balaenoptera acutorostrata,5.50554e-119,GRELLNICMNAKPHKPEPSPEAKLYEECIPWKDSACCTANTSWEAHLDVSLLYNFSLVHCGLMMPDCQKHFLQAICFYECSPNLGPWIQRVGRNGLGWELDPSGRAERILDAPLCREDCEQWWADCRTSYTCKSNWHGGWTWSRGKPRCPARALCHPFLHYFPTPADLCEKIWSNSFKASPEHRTSGRCLQKWFKPAGGNPNVAVARLFAS,sperm-egg fusion protein Juno [Balaenoptera acutorostrata]
Saccopteryx bilineata,7.61623e-119,GDKPLGVCMRAKHHKREPGPEDQLYEECIPWQDNACCTANTSWNAHRDASLLHNFSLNHCGLMMPDCQKHFIQAICFYECSPNLGPWIQQVGRRSWEVAPCEQEERILDAPLCQEDCDQWWADCLTSYTCKSNWHGGWDWSRGKSRCPAGARCHPFRHYFPTPADLCEKIWSNSFKASPECRNSGRCLQKWFQPSQGNPNVAVAHLFAS,sperm-egg fusion protein Juno [Saccopteryx bilineata]
Balaenoptera ricei,3.6464e-118,GRELLNICMNAKPHKPEPSPEAKLYEECIPWKDSACCTANTSWEAHLDVSLLYNFSLVHCGLMMPDCQKHFLQAICFYECSPNLGPWIQRVGRSGLGWELDPSGRAERILDAPLCREDCEQWWADCHTSYTCKSNWHGGWTWSRGKPRCPARALCHPFLHYFPTPADLCEKIWSNSFKASPEHRTSGRCLQKWFKPAGGNPNVAVARLFAS,sperm-egg fusion protein Juno [Balaenoptera ricei]
Balaenoptera musculus,5.10142e-118,GRELLNICMNAKPHKPEPSPEAKLYEECIPWKDSACCTANTSWEAHLDVSLLYNFSLVHCGLMMADCQKHFLQAICFYECSPNLGPWIQRVGRSGLGWELDPSGRAERILDAPLCREDCEQWWTDCRTSYTCKSNWHGGWTWSRGKPRCPARALCHPFLHYFPTPADLCEKIWSNSFKASPEHRTSGRCLQKWFKPAGGNPNVAVARLFAS,sperm-egg fusion protein Juno [Balaenoptera musculus]
Sciurus carolinensis,7.5792e-118,GDKPLNVCMNAEHHKREPGPEDKLYMECIPWKDNACCTDNTSWEAHLDVSPLHNFTLVHCGLLTPSCQKHFIQATCFYQCSPNLGPWIQLVRRK--TVDPSGQGERVVDVPLCREDCEQWWADCRTSYTCKSNWHSSWDWSQGRNRCPTGDICHPFPHYFPTPTDLCEKIWNNSFKASPEHRSSGRCLQKWFEPAQGNPNLAVTRLFAN,sperm-egg fusion protein Juno isoform X1 [Sciurus carolinensis]
Orcinus orca,1.0117e-117,GRELLNVCMNAKPHKPAPSPEAKLYEECIPWKDSACCTANTSWEAHLDVSLLYNFSLVHCGLMMPDCQKHFLQAICFYECSPNLGPWIQRVGRSGRGWELDPRGQAERILDAPLCREDCEQWWADCRTSYTCKSNWHGGWTWSRGKPRCPARALCRPFLHYFPTPADLCEKIWSNSFKASPEHRTSGRCLQKWFKPAGGNPNVAVARLFAS,sperm-egg fusion protein Juno [Orcinus orca]
Mirounga angustirostris,1.08431e-117,GDELLNVCMNTKHHKQEPGPEDKLYEECLPWQDNACCTAGTSWEAHLDVSLLYNFSLLHCGVMMPGCEKHFLQAVCFYECSPNLGPWIRKVRRLGWGGGRHMASGGPGERILDAPLCQEDCEQWWEDCRTSYTCKSNWHGSWDHSGGKNRCPARAACRPFPHYFPTPADLCEKIWSRSFKASPEHRGSGQCLQKWFEPAQCNPNVAVARLFASTAL,sperm-egg fusion protein Juno isoform X1 [Mirounga angustirostris]
Kogia breviceps,1.29198e-117,GRELLNTCMNAKPHKPEPSPEAKLYEECIPWKDSACCTANTSWEAHLDVSLLYNFSLVHCGLMMPDCQKHFLQAICFYECSPNLGPWIQRVGRSGQGWEVDPRGQAERILDAPLCREDCEQWWADCRTSYTCKSNWHGGWTWSRGKPRCPARALCHPFLHYFPTPADLCEKIWSNSFKASPEHRTSGRCLQKWFKPAGGNPNVAVARLFAS,sperm-egg fusion protein Juno [Kogia breviceps]
Physeter catodon,3.40792e-117,GRELLNICMNAKPHKPEPSPEAKLYEECIPWKDSACCTANTSWEAHLDVSLLYNFSLVHCGLMMPDCQKHFLQAICFYECSPNLGPWIQRVGRSGRGWELDPRGQAERILDAPLCREDCEQWWADCRTSYTCKSNWHGGWTWRRGKPRCPARALCHPFLHYFPTPADLCEKIWSNSFKASPEHRTSGRCLQKWFKPAGGNPNVAVARLFAS,sperm-egg fusion protein Juno [Physeter catodon]
Otolemur garnettii,4.56691e-117,GDELLNVCISARPHKRKPGPEDELYDECTPWKDNACCTAKTSWEAHLEVSPLYNFSLVHCGLLLPGCLKHFIQAICFYECSPNLGPWIRPV-------APSSRGELGERAAAIPLCQEDCEEWWEDCSSSYTCKANWHVGWDWSRGRNHCPAGAQCLPFPHYFPTPADLCEKIWSNLFKASPERRHSGRCLRKWFHPAQGNPNVAVARLFAS,sperm-egg fusion protein Juno [Otolemur garnettii]
Lagenorhynchus obliquidens,1.18884e-116,GRELLNICMNAKPHKPAPSPEAKLYEECIPWKDSACCTANTSWEAHLDVSLLYNFSLVHCGLMMPDCQKHFLQAICFYECSPNLGPWIQRVGRSGRGWELDPRGQAERILDAPLCREDCEQWWADCRTSYTCKSNWHGGWTWSRGKPRCPARALCRPFLDYFPTPADLCEKIWSNSFKASPEHRTSGRCLQKWFKPAGGNPNVAVARLFAS,sperm-egg fusion protein Juno [Lagenorhynchus obliquidens]
Pipistrellus kuhlii,3.65061e-116,GDKRLNVCMKTKHHKLEPGPEDQLYDECTPWKDNACCTANTSWEAHLEEALLYNFSLLHCGLMMPDCEKHFIQAKCFHQCSPNLGPWIQQVGRLGFQVAPCEQEERIVDVPLCQEDCVQWWADCRTSRTCKSNWLGGWDWSRGRSRCPERSRCLPFPYYFPTPADLCEKIWSNSFKASPERRNSGRCLQKWFEPSQCNPNVAVAQFFASS,sperm-egg fusion protein Juno [Pipistrellus kuhlii]
Ursus maritimus,1.03541e-115,GDELLNVCMNTKHHKREPGPEDKLYEECIPWQDNACCTAGTSWEAHLDASLLYTFSLLHCGVMMPGCEKHFLQAICFYECSPNLGPWIQKVRRLGRGGRRRVDSSGPGERILDVPLCQEDCEQWWEDCRTSYTCKSNWHGDWDRSGGKNRCPARAVCHPFPHYFPTPADLCEKIWNHSFKASPEPRNSGQCLQKWFEPAQGNPNVAVARRFAS,sperm-egg fusion protein Juno [Ursus maritimus]
Lipotes vexillifer,1.78062e-115,GRELLNICMNAKPHKPAPSPEAKLYEECIPWKDSACCTANTSWEAHLDVSLLYNFSLVHCGLMMPDCQKHFLQAICFYECSPNLGPWIQRVGRSGWGRLDPRGQAERILDAPLCREDCEQWWADCRTSYTCKSNWHGGWTWRRGKPRCPARALCHPFLHYFPTPADLCEKIWSNSFKASPEHRTSGRCLQKWFKPAGGNPNEAVARLFAS,PREDICTED: probable folate receptor delta [Lipotes vexillifer]
Sousa chinensis,2.5854e-115,GRELLNICMNAKPHKPAPSPEAKLYEECIPWKDSACCTANTSWEAHLDVSLLYNFSLVHCGLMMPDCQKHFLQAICFYECSPNLGPWIQRVGRSGW-----GWAERILDAPLCREDCEQWWADCRTSYTCKSNWHGGWTWSRGKPRCPARALCHPFLHYFPTPADLCEKIWSNSFKASPEHRTSGRCLQKWFKPAGGNPNVAVARLFAS,"hypothetical protein DBR06_SOUSAS23810020, partial [Sousa chinensis]"
Odobenus rosmarus divergens,7.41206e-115,GDELLNVCMNTKHHKREPGPEDKLYEECLPWQGNACCTAGTSWEAHLDVSLLYNFSLLHCGVMMPGCEKHFLQAVCFYQCSPNLGPWIRKVRRLGQGGGRHMDSGGPGERILDAPLCQEDCEQWWEDCRTSYTCKSNWHGDWDWSGGKNRCPARAVCRPFPHYFPTPADLCEKIWSRSFKASPEHRGSGQCLQKWFEPAQCNPNVAVARLFAS,PREDICTED: sperm-egg fusion protein Juno [Odobenus rosmarus divergens]
Mesoplodon densirostris,3.45965e-114,GRELLNVCMNAKPHKPEPSPEAKLYEECIPWKDSACCTANTSWQAHLDVSLLYNFSLVHCGLMMPDCEKHFLQAICFYECSPNLGPWIQRVGRSGRGWLDPRGQAERILDAPLCREDCEQWWADCRTSYTCKSNWHGGWTWSRGKPRCPARALCHPFLHYFPTPADLCEKIWSNSFKASPEHRTSGRCLQKWFKPAGGNPNVAVARLFAS,sperm-egg fusion protein Juno [Mesoplodon densirostris]
Onychomys torridus,5.19856e-114,GDKPVNICMNDKHHKREPGPEDKLFLECMPWRDSACCTLATSWEAHLEESLLFNFSMTHCGLLTPVCHKHFIQAICFHECSPNLGPWIQPPASLGYLVVPDRQEERVWGVPLCREECEEWWKDCHSSYTCKSNWHSGWDWSQGKNRCPVQAPCHPFPHYFPTPADLCEKIWSNTFKASPERRTSGRCLQKWFEPTQGNPNMEVALHFASS,sperm-egg fusion protein Juno [Onychomys torridus]
Alexandromys fortis,1.56177e-113,GDKPVNICMNAKHHKQEPGPEDKLYLECAPWKDNACCTLTTSWEAHLDESLLFNFSMMHCGLLTPMCHKHFIQAICFHECSPNLGPWIQLVSRQ--EVAPHRREERVWGVPLCREDCEEWWEDCSSSYTCKSNWRGGWDWSQGKNRCPVQAPCRPFSDVFPTPTDLCEKIWSNAFKASSEHRNSGRCLQKWFEPTQGNPNVEVALHFASS,sperm-egg fusion protein Juno isoform X1 [Alexandromys fortis]
Hippopotamus amphibius kiboko,2.40806e-113,GHELLNVCMKAEPHKPEPGPEDKLYEECSPWKDNACCTANTSWEAHLDVSLLYNFSLVHCGLMMPDCQKHFLQAICFYECSPNLGPWIQQVGRSGLGEGVDPSGQAERILDAPLCWEDCEQWWADCLTSYTCKSNWHSGWTWSRGKHRCPKKALCHPFPHYFPTPADLCEKIWSNSFKASPEHRPSGRCLQKWFEPLRGNPNAVVARLFAS,sperm-egg fusion protein Juno [Hippopotamus amphibius kiboko]
Rangifer tarandus platyrhynchus,3.01815e-112,GRELLNVCMNAKPHKPEPGPEAELYEECIPWKDNACCTASTSWEAHLDVSLLYNFSLAHCGLMMPDCQRHFLQAICFYQCSPNLGPWIQQVGRGGLGVGPRGQAERVLDAPLCLEDCERWWADCRTSHTCKSNWLGGWAWSRGKPRCPERASCRPFPHHFPTPADLCERIWSGSFRASPERRGSGRCLQKWFEPARGNPNAEVARRFAS,unnamed protein product [Rangifer tarandus platyrhynchus]
Eptesicus fuscus,4.66096e-112,GDKRLSVCMKTKHHKPEPGPEDQLYDECSPWKDKACCTTNTSWEAHLEEALLYNFSIIHCGLMRPDCLKHFIQAKCFHQCSPNLGPWIQQVGRLGFQVAPCEQEERILDVPLCQEDCVQWWADCRTSFTCKSNWLSGWDWSRGRSRCPAGARCRPFPYYFPTPADLCEKIWSNSFKASPERRNSGRCLQKWFEPSQCNPNVAVAQFFAS,sperm-egg fusion protein Juno [Eptesicus fuscus]
Camelus ferus,1.61605e-111,GHARLNVCVNAKPHKREPSPEDKLYEECRPWKDNACCTATTSWEAHLDVSLLYNFSLVHCGLLMPDCEKHFLQAICFYECSPNLGPWIQQVLAPSRQEQSQRPLLGERDGEEAAPGPGERHWKESGHVDPRGQGERILDVPLCWEDCEQWWADCRTSYTCKSNWHGSWTWSRGKHRCPEKAPCHPFLHYFPTPADLCEKIWSNSFKASPERRNSGRCLQKWFEPARGNPNAAVARLFAS,putative folate receptor delta [Camelus ferus]
Myotis myotis,2.65031e-111,GDKRLNVCMKTKHHKPEPGPEDQLYDECSPWKGNACCTTNTSWEAHLDEAVLYNFSLIHCGLMIPDCQKHFIQAKCLHQCSPNLGPWIQQVGRLGFQVAPCEQEERILDAPLCQEDCVQWWADCRTSYTCKSNWLGGWDWSRGKSRCPARARCRPFPYYFPTPAALCEKIWGNSFKASPERRNSGRCLQKWFEPSQCNPNMAVAQFFAS,sperm-egg fusion protein Juno isoform X1 [Myotis myotis]
Myotis daubentonii,3.39714e-111,GDKRLNVCMKTKHHKPEPGPEDQLYDECRPWKGNACCTTNTSWEAHLDEAVLYNFSLIHCGLMIPDCQKHFIQAKCLHQCSPNLGPWIQQVGRLGFQVAPCEQEERILDAPLCQEDCVQWWADCRTSYTCKSNWLGGWDWSRGKSRCPARARCRPFPYYFPTPAALCEKIWGNSFKASPERRNSGRCLQKWFEPSQCNPNMAVAQFFAS,sperm-egg fusion protein Juno [Myotis daubentonii]
Microtus oregoni,5.27611e-111,GDKPVNICMNAKHHKQEPGPEDKLYLECAPWKDNACCTLTTSWEAHLDESLLFNFSMMHCGLLTPMCHKHFIQAICFHECSPNLGPWIQLISPTLSACTQVAPNRQEERVWGVPLCREDCEEWWKDCSSSYTCKSNWRSGWDWSLGKNRCPVQAPCRPFSDVFPTPTDLCEKIWSNTFKASSEHRNSGRCLQKWFEPTQGNPNVEVALHFASS,sperm-egg fusion protein Juno [Microtus oregoni]
Microtus ochrogaster,8.77496e-111,GDKPVNICMNAKHHKQEPGPEDKLYLECAPWKDNACCTLTTSWEAHLDESLLFNFSMMHCGLLTPMCHKHFIQAICFHECSPNLGPWIQLISPPLSSCTQVAPNRQEERVWGVPLCWEDCEEWWKDCSSSYTCKSNWRSGWDWSQGKNRCPVQAPCRPFSDVFPTPTDLCEKIWSNAFKASSEHRNSGRCLQKWFEPTQGNPNVEVALHFASS,sperm-egg fusion protein Juno [Microtus ochrogaster]
Saccopteryx leptura,1.08354e-110,GDKPLGVCMRAKHHKREPGPEDQLYEECIPWQDNACCTANTSWNTHRDASLLHSFSLNHCGLMMPDCQKHFIQAICFYECSPNLGPWIQQVGRRRWGGGRHVAPCEQEERILDAPLCREDCDQWWADCLTSYTCKSDWHGGWDWSRGKSRCPAGARCHPFRHYFPTPADLCEKIWSNSFKASPECRNSGRCLQKWFEPSQGNPNVAVAHLFAS,sperm-egg fusion protein Juno [Saccopteryx leptura]
Muntiacus muntjak,1.86018e-110,GHELLNVCMNAKPHKPEPGPEAELYEECIPWKDNACCTASTSWEAHLDVSLLYNFSLAHCGIMMPDCQRHFLQAICFYQCSPNLGPWIQQVGRGGLGVDPRGQVERVLDAPLCLEDCERWWADCRTSHTCKSNWLGGWAWSRGKPRCPERASCRPFPHHFPTPADLCERIWSGSFRASPERRGSGRCLQKWFEPTRGNPNAEVARHFAS,hypothetical protein FD754_012232 [Muntiacus muntjak]
Muntiacus reevesi,2.29707e-110,GHELLNVCMNAKPHKPEPGPEAELYEECIPWKDNACCTASTSWEAHLDVSLLYNFSLAHCGIMMPDCQRHFLQAICFYQCSPNLGPWIQQVGKGGLGVDPRGQVERVLDAPLCLEDCERWWADCRTSHTCKSNWLGGWAWSRGKPRCPERASCRPFPHHFPTPADLCERIWSGSFRASPERRGSGRCLQKWFEPTRGNPNAEVARHFAS,hypothetical protein FD755_017542 [Muntiacus reevesi]
Chionomys nivalis,6.56919e-110,GDKPVNICMNAKHHKREPGPEDKLYLECVPWKDNACCTLTTSWEAHLDESLLFNFSMMHCGLLTPICHKHFIQAICFHECSPNLGPWIQPVSRR--EVAPNRQEERVWGAPLCWEDCEEWWKDCSSSFTCKSNWHSGWDWSQGKNRCPVQAPCRPFSDVFPTPTDLCEKIWGNTFKASSEHRKSGRCLQKWFEPTQGNPNVEVALHFA,sperm-egg fusion protein Juno isoform X2 [Chionomys nivalis]
Bos javanicus,7.28342e-110,GHELLNVCMNAKPHKPEPGPETELYEECIPWKDNACCTASTSWEAHLDVSLLYNFSLVHCGLMMPDCQRHFLQAICFYQCSPNLGPWIQQVGRGGLGVDPRWQAERVLDAPLCLEDCERWWADCRTSHTCKSNWLGGWAWSRGKPRCPEWEPCRPFPHHFPTPADLCERIWSGSFRASPERRGSGRCLQKWFEPARGNPNAEVARRFAS,sperm-egg fusion protein Juno [Bos javanicus]
Bos taurus,9.3347e-110,GHELLNVCMNAKPHKPEPGPEAELYEECIPWKDNACCTASTSWEAHLDVSLLYNFSLVHCGLMMPDCQRHFLQAICFYQCSPNLGPWIQQVGRGGLGVDPRWQAERVLDAPLCLEDCERWWADCRTSHTCKSNWLGGWAWSRGKPRCPEWEPCRPFPHHFPTPADLCERIWSGSFRASPERRGSGRCLQKWFEPARGNPNAEVARRFAS,sperm-egg fusion protein Juno [Bos taurus]
Bos mutus,4.98212e-109,GHELLNVCMNAKPHKPEPGPEAELYEECIPWKDNACCTASTSWEAHLDVSLLYNFSLVHCGLMMPDCQRHFLQAICFYQCSPNLGPWIQQVGRDGLGVDPRWQAERVLDAPLCLEDCERWWADCRTSHTCKSNWLGGWAWSRGKPRCPEWEPCRPFPHHFPTPADLCERIWSGSFRASPERRGSGQCLQKWFEPARGNPNAEVARRFAS,PREDICTED: sperm-egg fusion protein Juno [Bos mutus]
Myotis davidii,6.15161e-109,GDKRLNVCMKTKHHKPEPGPEPQLYDECSPWKGNACCTTNTSWEAHLDEAVLYNFSLIHCGLMIPDCQKHFIQAKCLHQCSPNLGPWIQQVGRLGFQVAPCEQEERILDAPLCQEDCVQWWADCRTSYTCKSNWLRGWDWSRGKSRCPARARCRPFPYYFPTPAALCEKIWGNSFKASPERRNSGRCLQKWFEPSQCNPNMAVAQFFAS,PREDICTED: sperm-egg fusion protein Juno [Myotis davidii]
Myotis brandtii,6.8781e-109,GDKRLNVCMKTKHHKPEPGPEDPLYDECSPWKGNACCTTNTSWEAHLDEAGLYNFSLIHCGLMIPDCQKHFIQAKCLHQCSPNLGPWIRQVGRLGFQVAPCEQEERILDAPLCQEDCVQWWADCRTSYTCKSNWLRGWDWSRGKSRCPARARCRPFPYYFPTPAALCEKIWGNSFKASPERRNSGRCLQKWFEPSQCNPNMAVAQFFAS,PREDICTED: sperm-egg fusion protein Juno [Myotis brandtii]
Dermatophagoides farinae,2.27147e-38,CLHTKNHLRIPVPNISLYEECSPWSENSCCDRQTSILSHQMLNQ-FNFNLSHCGLNSISAGCLRYFIKDLCYYNCDPYIEPWIVKIDS---KFGPEDYEQERIVQVPLCESDCIEWWNQCSESSLTCVRNWRKHFEWNEIDADSMITNHCPNGAQCIPFKFVYKDAYDFCQTVWDNRWKVV---QDTEQCITFEFGDGNQSNPNRLVAEYYLNEHL,hypothetical protein HUG17_9047 [Dermatophagoides farinae]
